size,density,t_mean,t_stdev,iset_mean,iset_stdev
2000,0.1,1.003238426e+10,2160334.901,70,0
2000,0.2,1.006061647e+10,2527335.476,39,0
2000,0.3,1.009306833e+10,2041762.833,27,0
2000,0.4,1.012199479e+10,4873236.88,20,0
2000,0.5,1.014998724e+10,2978882.071,16,0
2000,0.6,1.018323776e+10,3315947.753,12,0
2000,0.7,1.021277002e+10,4768035.92,10,0
2000,0.8,1.024164555e+10,5271788.356,7,0
2000,0.9,1.026886078e+10,5052638.134,5,0
