size,density,t_mean,t_stdev,iset_mean,iset_stdev
1000,0.1,1.000943557e+10,3356877.324,62,0
1000,0.2,1.001630234e+10,1474250.027,35.03333333,0.1825741858
1000,0.3,1.002381355e+10,2248577.164,24,0
1000,0.4,1.003065763e+10,2149959.791,18,0
1000,0.5,1.003827285e+10,2595413.146,14,0
1000,0.6,1.004604453e+10,2369584.148,11,0
1000,0.7,1.005311339e+10,3337893.734,9,0
1000,0.8,1.005979306e+10,2708056.38,7,0
1000,0.9,1.006667083e+10,2125595.75,5,0
