size,density,t_mean,t_stdev,iset_mean,iset_stdev
3000,0.1,1.007350225e+10,6663109.809,76,0
3000,0.2,1.013766754e+10,4642630.075,40,0
3000,0.3,1.02013063e+10,5979038.86,28,0
3000,0.4,1.02738735e+10,4822763.16,21,0
3000,0.5,1.034938172e+10,8417631.46,16,0
3000,0.6,1.041471077e+10,10647224.97,13,0
3000,0.7,1.047629955e+10,15978723.82,10,0
3000,0.8,1.053982182e+10,13056287.13,8,0
3000,0.9,1.060285498e+10,7021987.948,6,0
