size,density,t_mean,t_stdev,iset_mean,iset_stdev
3000,0.1,33961075.89,1950817.356,59.5,2.013510156
3000,0.2,66804505.34,3259879.119,31,1.366972252
3000,0.3,98593731.29,4016036.336,20.73333333,1.413377666
3000,0.4,131000275.5,4628054.737,15.36666667,1.110633659
3000,0.5,162824494.5,5287716.934,11.7,0.8230262832
3000,0.6,194751195.2,5813148.709,9.166666667,0.8600345152
3000,0.7,227195703.1,6118861.125,7.433333333,0.7160700688
3000,0.8,257955183.7,6141764.067,5.833333333,0.6875424593
3000,0.9,289466875.3,6515176.83,4.333333333,0.471650236
