size,density,t_mean,t_stdev,iset_mean,iset_stdev
3000,0.1,39208118.23,1782493.979,58.21875,2.208161584
3000,0.2,68342590.22,2891691.71,30.82604167,1.493101606
3000,0.3,98241500.95,3297702.828,20.55729167,1.186845241
3000,0.4,129256575.1,4142917.744,15.07916667,1.010881017
3000,0.5,160253328.8,4566551.84,11.61875,0.8916613473
3000,0.6,191287271.2,5196939.213,9.147916667,0.7469059106
3000,0.7,224073716.7,6269185.853,7.266666667,0.6615724729
3000,0.8,254267855.9,5502868.121,5.613541667,0.5898197515
3000,0.9,286055243.4,5979051.651,4.260416667,0.4799372497
