size,density,t_mean,t_stdev,iset_mean,iset_stdev
2000,0.1,19635187.56,1266143.61,54.77604167,2.182700243
2000,0.2,31903543.88,1646239.989,29.06041667,1.511339079
2000,0.3,44787325.18,2055130.71,19.58229167,1.174769056
2000,0.4,57734112.84,2560789.889,14.39583333,1.032113826
2000,0.5,71420214.48,2718217.725,11.121875,0.8894824127
2000,0.6,85330344.54,3075188.206,8.73125,0.7618801862
2000,0.7,101792674.2,9119480.353,6.95625,0.6881709448
2000,0.8,111846447.3,3854488.254,5.426041667,0.5960846865
2000,0.9,125574038.3,4074393.679,4.094791667,0.4683674288
