size,density,t_mean,t_stdev,iset_mean,iset_stdev
1000,0.1,4267006.142,959066.4632,49.03333333,1.853591428
1000,0.2,8307104.045,1531991.313,27.03333333,1.224929328
1000,0.3,11847799.58,1491634.889,17.93333333,1.209854106
1000,0.4,15342520.96,1296908.61,13.36666667,1.048825418
1000,0.5,19342002.53,1849107.301,10.56666667,0.6678474076
1000,0.6,23004069.37,1978628.639,8.633333333,0.8364315018
1000,0.7,28157607.16,4926123.851,6.633333333,0.6049270532
1000,0.8,29442054.07,1726573.859,5.233333333,0.55905974
1000,0.9,32776570.77,1672770.593,3.933333333,0.44244714
