size,density,t_mean,t_stdev,iset_mean,iset_stdev
2000,0.1,15926763.41,1235392.543,56.06666667,2.280564236
2000,0.2,30553705.93,1436055.821,29.93333333,1.54856499
2000,0.3,44723749.96,1970615.214,19.76666667,1.055169178
2000,0.4,59040057.19,2455762.302,14.63333333,0.9485916971
2000,0.5,73355870.78,2905678.517,11.1,0.8310953612
2000,0.6,87470203.26,3317915.932,8.833333333,0.4536186716
2000,0.7,101653066.4,3618806.201,7.366666667,0.7955384804
2000,0.8,115508687.4,3947591.078,5.733333333,0.5737872765
2000,0.9,129282138.2,4708998.993,4.3,0.5862519468
